accuracy,precision,recall,f-score
0.8156108597285068,0.8027564226713206,0.8156108597285068,0.8040796234651396
