accuracy,precision,recall,f-score
0.507847533632287,0.30920592933536917,0.507847533632287,0.37194479062679003
