accuracy,precision,recall,f-score
0.5089686098654709,0.31931404952243597,0.5089686098654709,0.382923840287078
