accuracy,precision,recall,f-score
0.8269230769230769,0.825258928329659,0.8269230769230769,0.8195667823901217
