accuracy,precision,recall,f-score
0.21188340807174888,0.0573653214923317,0.21188340807174888,0.0884325837721693
