accuracy,precision,recall,f-score
0.8359728506787331,0.7546742823762674,0.8359728506787331,0.790050913969599
