accuracy,precision,recall,f-score
0.9095022624434389,0.9118179727032775,0.9095022624434389,0.9090962899089365
