accuracy,precision,recall,f-score
0.8717691571317865,0.7599814633262654,0.8717691571317865,0.8120461440777519
