accuracy,precision,recall,f-score
0.2858744394618834,0.08172419513764605,0.2858744394618834,0.12711069235009637
