,val_loss,loss
0,0.3170391264300014,0.5867266513297078
1,0.13304703903785894,0.09574213604716517
2,0.17282877664867596,0.04728255938619228
3,0.2477658329150304,0.04708743700570244
4,0.20504315811820875,0.03744354627589272
5,0.1466664103361378,0.03858364493292486
6,0.14820919301760302,0.03679711490121391
7,0.14740472171820357,0.044755054132018884
8,0.18159300029483094,0.03720690233835941
9,0.20343894708905605,0.0340897472913071
