,val_loss,loss
0,0.2734955563686155,0.7066752713999898
1,0.19278705361891843,0.15147494956144636
2,0.14955757369637754,0.05876562590624625
3,0.17059563221325477,0.04789814294323637
4,0.06204864846277652,0.05207124933382972
5,0.15470875573596854,0.04125368457709354
6,0.09302874307456618,0.04691445750071254
7,0.14352166483170528,0.041418075882085376
8,0.15200554422931545,0.036876888114197974
9,0.2069279152836015,0.04138439974209997
