,val_loss,loss
0,0.003483296561690933,0.036597919896057006
1,0.0016603805897427088,0.005586221968332976
2,0.0036976231285060727,0.005195369168858323
3,0.0018805112720784666,0.004425308342748616
4,0.0014853700738761643,0.004597404230880552
5,0.0020828445594257674,0.0053199028730852764
