,val_loss,loss
0,0.5759109854698181,0.8428362052395658
1,0.13308940827846527,0.4386631926650521
2,0.07325194776058197,0.06542733837879679
3,0.06712072342634201,0.10405331237136194
4,0.019152654334902763,0.046147861116149894
5,0.04741476848721504,0.02608173409441732
6,0.04091150686144829,0.046205631278033524
7,0.014378804713487625,0.031025092331868297
