,val_loss,loss
0,0.685868501663208,0.9051876149087582
1,0.3875012695789337,0.6033568971187063
2,0.14193996787071228,0.3163724254418469
3,0.017530078068375587,0.0953899509455048
4,0.05376017466187477,0.017751604510740666
5,0.06652721762657166,0.06339485925510994
6,0.028722940012812614,0.055300094524644454
