,val_loss,loss
0,0.5098989605903625,0.8753969613860988
1,0.0831616148352623,0.3633770013942659
2,0.08096692711114883,0.046182297301367393
3,0.07995635271072388,0.11288536361553383
4,0.019782520830631256,0.06746691879142755
