,val_loss,loss
0,0.9649734497070312,0.9756283115204604
1,0.879837691783905,0.9132601161197649
2,0.758682131767273,0.8217564015067726
3,0.5909897685050964,0.6922681306018075
4,0.381885826587677,0.5162970383324678
5,0.1731061339378357,0.30890724961815574
6,0.04940618574619293,0.1222250191526727
7,0.05864765867590904,0.03947586995586915
8,0.08990340679883957,0.0648015153854482
9,0.05596406012773514,0.07627065943937478
