,val_loss,loss
0,0.22373851952156457,0.6478119157325769
1,0.16761083584572234,0.15189336590419028
2,0.2066365058734754,0.059298910360855855
3,0.2156887522113243,0.04977114891874945
4,0.12829953795649424,0.047161788220227444
5,0.21004019773276114,0.044045102891426366
6,0.19872782100600558,0.04537896020782145
7,0.12322909588353954,0.037276841678231046
8,0.10835740346783627,0.03713750838824572
9,0.15707321480591702,0.04250813887331088
