,val_loss,loss
0,0.0028733895110594236,0.021998441932832773
1,0.003570989354280012,0.0026051697951646655
2,0.0014856479405614296,0.00393853032103277
3,0.0010500551461048286,0.004251597624070153
